id,dim1,dim2
1,2.24752,8.77826
2,3.36698,2.27098
3,3.884,8.61652
