id,dim1,dim2
1,3.884,8.61654
2,3.36698,2.27098
3,2.24752,8.77824
